{
  "schema": 1,
  "commands": [
    {
      "command": "force",
      "plugin": "salesforcedx",
      "plugin_version": "40.10.0",
      "timestamp": 1507569089,
      "version": "5.7.6-d42cf65",
      "os": "windows",
      "arch": "amd64",
      "language": "node",
      "status": 0,
      "runtime": 2163,
      "valid": true
    },
    {
      "command": "force",
      "plugin": "salesforcedx",
      "plugin_version": "40.10.0",
      "timestamp": 1507569274,
      "version": "5.7.6-d42cf65",
      "os": "windows",
      "arch": "amd64",
      "language": "node",
      "status": 0,
      "runtime": 1875,
      "valid": true
    },
    {
      "command": "force",
      "plugin": "salesforcedx",
      "plugin_version": "40.10.0",
      "timestamp": 1507569282,
      "version": "5.7.6-d42cf65",
      "os": "windows",
      "arch": "amd64",
      "language": "node",
      "status": 0,
      "runtime": 1832,
      "valid": true
    }
  ]
}